claim_id,actual_class,python_pred,py_conf_valid,py_conf_invalid,py_conf_review,card_filename,tm_pred,tm_conf_valid,tm_conf_invalid,tm_conf_review,predicted_match,top_class_conf_diff,consistency,rule_label,missing_docs,contradictions,duplicate_indicators,final_decision
CLM-001300,Valid Claim,Valid Claim,0.8896,0.0593,0.0511,CLM-001300_v1.png,Valid Claim,1.0000,0.0000,0.0000,yes,0.1104,Strong Match,Valid Claim,none,none,prior_claims=0,Likely Valid
CLM-001455,Valid Claim,Valid Claim,0.9362,0.0213,0.0426,CLM-001455_v1.png,Valid Claim,1.0000,0.0000,0.0000,yes,0.0638,Strong Match,Valid Claim,none,none,prior_claims=0,Likely Valid
CLM-001486,Valid Claim,Valid Claim,0.6318,0.1058,0.2624,CLM-001486_v1.png,Valid Claim,1.0000,0.0000,0.0000,yes,0.3682,Weak Match,Valid Claim,none,none,prior_claims=0,Manual Review Required
CLM-001453,Valid Claim,Valid Claim,0.7724,0.0841,0.1435,CLM-001453_v1.png,Valid Claim,1.0000,0.0000,0.0000,yes,0.2276,Acceptable Match,Valid Claim,none,none,prior_claims=0,Likely Valid
CLM-001417,Valid Claim,Valid Claim,0.9532,0.0232,0.0236,CLM-001417_v1.png,Valid Claim,1.0000,0.0000,0.0000,yes,0.0468,Strong Match,Valid Claim,none,none,prior_claims=0,Likely Valid
CLM-001494,Valid Claim,Valid Claim,0.9230,0.0351,0.0419,CLM-001494_v1.png,Valid Claim,1.0000,0.0000,0.0000,yes,0.0770,Strong Match,Valid Claim,none,none,prior_claims=0,Likely Valid
CLM-001313,Valid Claim,Valid Claim,0.6973,0.1032,0.1995,CLM-001313_v1.png,Valid Claim,1.0000,0.0000,0.0000,yes,0.3027,Acceptable Match,Valid Claim,none,none,prior_claims=0,Likely Valid
CLM-001473,Valid Claim,Valid Claim,0.8054,0.0533,0.1413,CLM-001473_v1.png,Valid Claim,1.0000,0.0000,0.0000,yes,0.1946,Acceptable Match,Valid Claim,none,none,prior_claims=0,Likely Valid
CLM-001298,Valid Claim,Valid Claim,0.7339,0.0756,0.1905,CLM-001298_v1.png,Valid Claim,1.0000,0.0000,0.0000,yes,0.2661,Acceptable Match,Valid Claim,none,none,prior_claims=0,Likely Valid
CLM-001310,Valid Claim,Valid Claim,0.9756,0.0192,0.0051,CLM-001310_v1.png,Valid Claim,1.0000,0.0000,0.0000,yes,0.0243,Strong Match,Valid Claim,none,none,prior_claims=0,Likely Valid
CLM-001363,Invalid Claim,Invalid Claim,0.1555,0.7716,0.0729,CLM-001363_v1.png,Invalid Claim,0.0000,1.0000,0.0000,yes,0.2284,Acceptable Match,Invalid Claim,none,none,prior_claims=0,Likely Invalid
CLM-001301,Invalid Claim,Invalid Claim,0.0243,0.9548,0.0209,CLM-001301_v1.png,Invalid Claim,0.0000,1.0000,0.0000,yes,0.0452,Strong Match,Invalid Claim,none,none,prior_claims=0,Likely Invalid
CLM-001367,Invalid Claim,Invalid Claim,0.0006,0.9975,0.0019,CLM-001367_v1.png,Invalid Claim,0.0000,1.0000,0.0000,yes,0.0025,Strong Match,Invalid Claim,none,none,prior_claims=0,Likely Invalid
CLM-001439,Invalid Claim,Invalid Claim,0.0385,0.9572,0.0043,CLM-001439_v1.png,Invalid Claim,0.0000,1.0000,0.0000,yes,0.0427,Strong Match,Invalid Claim,none,none,prior_claims=0,Likely Invalid
CLM-001478,Invalid Claim,Invalid Claim,0.0249,0.9479,0.0272,CLM-001478_v1.png,Invalid Claim,0.0000,1.0000,0.0000,yes,0.0521,Strong Match,Invalid Claim,none,none,prior_claims=0,Likely Invalid
CLM-001433,Invalid Claim,Invalid Claim,0.0262,0.9540,0.0197,CLM-001433_v1.png,Invalid Claim,0.0000,1.0000,0.0000,yes,0.0460,Strong Match,Invalid Claim,none,none,prior_claims=0,Likely Invalid
CLM-001284,Invalid Claim,Invalid Claim,0.0017,0.9981,0.0001,CLM-001284_v1.png,Invalid Claim,0.0000,1.0000,0.0000,yes,0.0019,Strong Match,Invalid Claim,none,none,prior_claims=0,Likely Invalid
CLM-001402,Invalid Claim,Invalid Claim,0.0328,0.9334,0.0338,CLM-001402_v1.png,Invalid Claim,0.0000,1.0000,0.0000,yes,0.0666,Strong Match,Invalid Claim,none,none,prior_claims=0,Likely Invalid
CLM-001385,Invalid Claim,Invalid Claim,0.0056,0.9928,0.0016,CLM-001385_v1.png,Invalid Claim,0.0000,1.0000,0.0000,yes,0.0072,Strong Match,Invalid Claim,none,none,prior_claims=0,Likely Invalid
CLM-001293,Invalid Claim,Invalid Claim,0.0415,0.9048,0.0537,CLM-001293_v1.png,Invalid Claim,0.0000,1.0000,0.0000,yes,0.0952,Strong Match,Invalid Claim,none,none,prior_claims=0,Likely Invalid
CLM-001369,Manual Review,Manual Review,0.0819,0.0069,0.9112,CLM-001369_v1.png,Manual Review,0.0000,0.0000,1.0000,yes,0.0888,Strong Match,Manual Review,none,none,prior_claims=0,Manual Review Required
CLM-001273,Manual Review,Manual Review,0.1236,0.0089,0.8676,CLM-001273_v1.png,Manual Review,0.0000,0.0000,1.0000,yes,0.1324,Strong Match,Manual Review,none,none,prior_claims=0,Manual Review Required
CLM-001307,Manual Review,Manual Review,0.1264,0.0181,0.8556,CLM-001307_v1.png,Manual Review,0.0000,0.0000,1.0000,yes,0.1444,Strong Match,Manual Review,none,none,prior_claims=1,Manual Review Required
CLM-001374,Manual Review,Manual Review,0.0487,0.0053,0.9460,CLM-001374_v1.png,Manual Review,0.0000,0.0000,1.0000,yes,0.0540,Strong Match,Manual Review,receipt,none,prior_claims=0,Manual Review Required
CLM-001357,Manual Review,Valid Claim,0.5604,0.0288,0.4108,CLM-001357_v1.png,Manual Review,0.0000,0.0000,1.0000,no,0.4396,Model Disagreement,Manual Review,none,Fault date is after claim submission date,prior_claims=0,Manual Review Required
CLM-001479,Manual Review,Manual Review,0.0109,0.0025,0.9867,CLM-001479_v1.png,Manual Review,0.0000,0.0000,1.0000,yes,0.0133,Strong Match,Manual Review,receipt;warranty_card,none,prior_claims=0,Manual Review Required
CLM-001477,Manual Review,Manual Review,0.2070,0.0457,0.7473,CLM-001477_v1.png,Manual Review,0.0000,0.0000,1.0000,yes,0.2527,Acceptable Match,Manual Review,none,none,prior_claims=0,Manual Review Required
CLM-001354,Manual Review,Manual Review,0.2593,0.0153,0.7254,CLM-001354_v1.png,Manual Review,0.0000,0.0000,1.0000,yes,0.2746,Acceptable Match,Manual Review,none,none,prior_claims=0,Manual Review Required
CLM-001276,Manual Review,Manual Review,0.1191,0.0191,0.8618,CLM-001276_v1.png,Manual Review,0.0000,0.0000,1.0000,yes,0.1382,Strong Match,Manual Review,none,none,prior_claims=0,Manual Review Required
CLM-001498,Manual Review,Manual Review,0.1543,0.0181,0.8276,CLM-001498_v1.png,Manual Review,0.0000,0.0000,1.0000,yes,0.1724,Acceptable Match,Manual Review,none,none,prior_claims=0,Manual Review Required
