claim_id,label,split
CLM-000123,Invalid Claim,train
CLM-000183,Manual Review,train
CLM-000096,Manual Review,train
CLM-000539,Manual Review,train
CLM-000686,Invalid Claim,train
CLM-000460,Manual Review,train
CLM-000609,Invalid Claim,train
CLM-000554,Invalid Claim,train
CLM-000426,Manual Review,train
CLM-000075,Invalid Claim,train
CLM-000459,Manual Review,train
CLM-000868,Manual Review,train
CLM-000025,Invalid Claim,train
CLM-001011,Valid Claim,train
CLM-000039,Valid Claim,train
CLM-000342,Manual Review,train
CLM-000157,Valid Claim,train
CLM-000306,Invalid Claim,train
CLM-000188,Manual Review,train
CLM-001071,Valid Claim,train
CLM-000315,Manual Review,train
CLM-000038,Manual Review,train
CLM-000557,Invalid Claim,train
CLM-000716,Valid Claim,train
CLM-000581,Invalid Claim,train
CLM-000135,Invalid Claim,train
CLM-000701,Manual Review,train
CLM-000211,Invalid Claim,train
CLM-000901,Invalid Claim,train
CLM-000641,Manual Review,train
CLM-000290,Invalid Claim,train
CLM-000155,Manual Review,train
CLM-000485,Valid Claim,train
CLM-001016,Invalid Claim,train
CLM-001064,Valid Claim,train
CLM-000243,Invalid Claim,train
CLM-000085,Invalid Claim,train
CLM-000338,Valid Claim,train
CLM-000354,Manual Review,train
CLM-000189,Valid Claim,train
CLM-001080,Valid Claim,train
CLM-000455,Valid Claim,train
CLM-000447,Manual Review,train
CLM-000296,Manual Review,train
CLM-000051,Manual Review,train
CLM-000422,Valid Claim,train
CLM-000503,Manual Review,train
CLM-001013,Invalid Claim,train
CLM-000516,Invalid Claim,train
CLM-000987,Invalid Claim,train
CLM-000016,Invalid Claim,train
CLM-000186,Manual Review,train
CLM-000090,Invalid Claim,train
CLM-000642,Invalid Claim,train
CLM-000589,Manual Review,train
CLM-001032,Valid Claim,train
CLM-000999,Invalid Claim,train
CLM-000230,Invalid Claim,train
CLM-000941,Invalid Claim,train
CLM-000234,Invalid Claim,train
CLM-000746,Valid Claim,train
CLM-000791,Valid Claim,train
CLM-000729,Invalid Claim,train
CLM-000998,Manual Review,train
CLM-000668,Manual Review,train
CLM-000871,Manual Review,train
CLM-000040,Manual Review,train
CLM-000489,Valid Claim,train
CLM-000923,Valid Claim,train
CLM-000670,Invalid Claim,train
CLM-000984,Manual Review,train
CLM-000765,Manual Review,train
CLM-000542,Manual Review,train
CLM-000484,Invalid Claim,train
CLM-000682,Valid Claim,train
CLM-000848,Invalid Claim,train
CLM-000335,Manual Review,train
CLM-000130,Manual Review,train
CLM-000606,Manual Review,train
CLM-000351,Invalid Claim,train
CLM-000180,Invalid Claim,train
CLM-000409,Manual Review,train
CLM-000400,Valid Claim,train
CLM-000768,Invalid Claim,train
CLM-000229,Valid Claim,train
CLM-000267,Valid Claim,train
CLM-000562,Valid Claim,train
CLM-000311,Invalid Claim,train
CLM-000361,Invalid Claim,train
CLM-000074,Invalid Claim,train
CLM-000584,Valid Claim,train
CLM-000312,Valid Claim,train
CLM-000256,Manual Review,train
CLM-000398,Manual Review,train
CLM-000942,Valid Claim,train
CLM-000902,Valid Claim,train
CLM-000858,Manual Review,train
CLM-000146,Manual Review,train
CLM-000665,Invalid Claim,train
CLM-000266,Invalid Claim,train
CLM-000588,Manual Review,train
CLM-000355,Invalid Claim,train
CLM-000922,Manual Review,train
CLM-000241,Invalid Claim,train
CLM-000521,Manual Review,train
CLM-000885,Valid Claim,train
CLM-000524,Manual Review,train
CLM-000752,Valid Claim,train
CLM-000860,Valid Claim,train
CLM-000043,Manual Review,train
CLM-000151,Valid Claim,train
CLM-000754,Manual Review,train
CLM-000915,Invalid Claim,train
CLM-000688,Invalid Claim,train
CLM-000628,Valid Claim,train
CLM-000553,Invalid Claim,train
CLM-000320,Invalid Claim,train
CLM-000566,Valid Claim,train
CLM-000004,Invalid Claim,train
CLM-000028,Manual Review,train
CLM-000083,Invalid Claim,train
CLM-000013,Manual Review,train
CLM-000519,Invalid Claim,train
CLM-000672,Invalid Claim,train
CLM-000772,Invalid Claim,train
CLM-000377,Valid Claim,train
CLM-000973,Manual Review,train
CLM-000175,Manual Review,train
CLM-000582,Valid Claim,train
CLM-000396,Valid Claim,train
CLM-000842,Invalid Claim,train
CLM-000840,Invalid Claim,train
CLM-001028,Invalid Claim,train
CLM-000325,Valid Claim,train
CLM-000905,Valid Claim,train
CLM-000323,Invalid Claim,train
CLM-000538,Invalid Claim,train
CLM-000333,Valid Claim,train
CLM-000662,Manual Review,train
CLM-000238,Invalid Claim,train
CLM-000432,Manual Review,train
CLM-000793,Valid Claim,train
CLM-000062,Valid Claim,train
CLM-000980,Manual Review,train
CLM-000700,Invalid Claim,train
CLM-000059,Manual Review,train
CLM-000769,Valid Claim,train
CLM-000082,Invalid Claim,train
CLM-000100,Invalid Claim,train
CLM-000386,Valid Claim,train
CLM-000956,Valid Claim,train
CLM-000762,Invalid Claim,train
CLM-000103,Valid Claim,train
CLM-001022,Invalid Claim,train
CLM-000433,Manual Review,train
CLM-000730,Manual Review,train
CLM-000945,Invalid Claim,train
CLM-000115,Manual Review,train
CLM-000119,Valid Claim,train
CLM-000499,Invalid Claim,train
CLM-000530,Valid Claim,train
CLM-000418,Valid Claim,train
CLM-000857,Valid Claim,train
CLM-000217,Invalid Claim,train
CLM-000892,Valid Claim,train
CLM-000443,Valid Claim,train
CLM-000124,Manual Review,train
CLM-000680,Manual Review,train
CLM-000008,Invalid Claim,train
CLM-000837,Invalid Claim,train
CLM-000951,Invalid Claim,train
CLM-000936,Manual Review,train
CLM-000218,Valid Claim,train
CLM-000608,Manual Review,train
CLM-000310,Manual Review,train
CLM-000473,Valid Claim,train
CLM-001014,Manual Review,train
CLM-000736,Valid Claim,train
CLM-000147,Manual Review,train
CLM-000636,Manual Review,train
CLM-000823,Valid Claim,train
CLM-000872,Manual Review,train
CLM-000279,Invalid Claim,train
CLM-000048,Manual Review,train
CLM-000698,Valid Claim,train
CLM-000213,Invalid Claim,train
CLM-000378,Invalid Claim,train
CLM-000551,Invalid Claim,train
CLM-000771,Valid Claim,train
CLM-000804,Manual Review,train
CLM-000368,Manual Review,train
CLM-000573,Manual Review,train
CLM-000023,Invalid Claim,train
CLM-000869,Manual Review,train
CLM-000456,Manual Review,train
CLM-000718,Manual Review,train
CLM-000975,Invalid Claim,train
CLM-000556,Invalid Claim,train
CLM-000712,Valid Claim,train
CLM-000893,Valid Claim,train
CLM-000883,Invalid Claim,train
CLM-000671,Valid Claim,train
CLM-000005,Valid Claim,train
CLM-000370,Invalid Claim,train
CLM-000919,Manual Review,train
CLM-000479,Valid Claim,train
CLM-000623,Manual Review,train
CLM-000920,Valid Claim,train
CLM-000427,Valid Claim,train
CLM-000209,Manual Review,train
CLM-000740,Manual Review,train
CLM-000981,Manual Review,train
CLM-000527,Valid Claim,train
CLM-000153,Invalid Claim,train
CLM-000875,Valid Claim,train
CLM-000405,Manual Review,train
CLM-000091,Valid Claim,train
CLM-000909,Valid Claim,train
CLM-000876,Invalid Claim,train
CLM-000282,Invalid Claim,train
CLM-000185,Invalid Claim,train
CLM-000741,Invalid Claim,train
CLM-000445,Valid Claim,train
CLM-000109,Valid Claim,train
CLM-000952,Invalid Claim,train
CLM-000019,Invalid Claim,train
CLM-000632,Valid Claim,train
CLM-000471,Invalid Claim,train
CLM-000882,Valid Claim,train
CLM-000494,Manual Review,train
CLM-000585,Manual Review,train
CLM-000318,Invalid Claim,train
CLM-000164,Invalid Claim,train
CLM-000125,Valid Claim,train
CLM-000810,Invalid Claim,train
CLM-000921,Invalid Claim,train
CLM-001027,Invalid Claim,train
CLM-000168,Invalid Claim,train
CLM-000713,Valid Claim,train
CLM-000613,Manual Review,train
CLM-000708,Valid Claim,train
CLM-000262,Valid Claim,train
CLM-000935,Manual Review,train
CLM-000961,Manual Review,train
CLM-000292,Invalid Claim,train
CLM-001020,Manual Review,train
CLM-001024,Manual Review,train
CLM-000329,Invalid Claim,train
CLM-000327,Manual Review,train
CLM-000656,Valid Claim,train
CLM-000979,Valid Claim,train
CLM-000579,Manual Review,train
CLM-000237,Manual Review,train
CLM-000288,Invalid Claim,train
CLM-000806,Invalid Claim,train
CLM-000764,Invalid Claim,train
CLM-000939,Valid Claim,train
CLM-000199,Valid Claim,train
CLM-000661,Invalid Claim,train
CLM-000399,Invalid Claim,train
CLM-000863,Manual Review,train
CLM-000127,Manual Review,train
CLM-000953,Invalid Claim,train
CLM-000281,Invalid Claim,train
CLM-000758,Manual Review,train
CLM-000376,Invalid Claim,train
CLM-000721,Valid Claim,train
CLM-000475,Valid Claim,train
CLM-001045,Valid Claim,train
CLM-000298,Invalid Claim,train
CLM-000844,Valid Claim,train
CLM-000655,Valid Claim,train
CLM-000088,Valid Claim,train
CLM-000231,Valid Claim,train
CLM-000928,Manual Review,train
CLM-000394,Valid Claim,train
CLM-000264,Valid Claim,train
CLM-000137,Valid Claim,train
CLM-000532,Invalid Claim,train
CLM-000615,Valid Claim,train
CLM-001005,Manual Review,train
CLM-000601,Invalid Claim,train
CLM-000314,Valid Claim,train
CLM-000884,Manual Review,train
CLM-000379,Invalid Claim,train
CLM-000726,Invalid Claim,train
CLM-000748,Invalid Claim,train
CLM-000972,Invalid Claim,train
CLM-000927,Valid Claim,train
CLM-000126,Valid Claim,train
CLM-000041,Manual Review,train
CLM-000102,Valid Claim,train
CLM-000331,Manual Review,train
CLM-000203,Manual Review,train
CLM-000559,Manual Review,train
CLM-000345,Invalid Claim,train
CLM-000255,Manual Review,train
CLM-000675,Valid Claim,train
CLM-000239,Valid Claim,train
CLM-000421,Manual Review,train
CLM-000501,Valid Claim,train
CLM-000607,Invalid Claim,train
CLM-001040,Valid Claim,train
CLM-000624,Valid Claim,train
CLM-000649,Invalid Claim,train
CLM-000042,Valid Claim,train
CLM-000903,Manual Review,train
CLM-000451,Manual Review,train
CLM-001065,Valid Claim,train
CLM-000165,Valid Claim,train
CLM-000619,Manual Review,train
CLM-000950,Manual Review,train
CLM-000046,Manual Review,train
CLM-000356,Valid Claim,train
CLM-000811,Manual Review,train
CLM-000502,Invalid Claim,train
CLM-000626,Valid Claim,train
CLM-000080,Valid Claim,train
CLM-000064,Manual Review,train
CLM-000534,Invalid Claim,train
CLM-000201,Valid Claim,train
CLM-000932,Manual Review,train
CLM-000548,Manual Review,train
CLM-000417,Invalid Claim,train
CLM-000977,Manual Review,train
CLM-000779,Manual Review,train
CLM-000177,Invalid Claim,train
CLM-000838,Manual Review,train
CLM-000633,Invalid Claim,train
CLM-000408,Manual Review,train
CLM-000954,Valid Claim,train
CLM-000853,Invalid Claim,train
CLM-000466,Invalid Claim,train
CLM-000349,Manual Review,train
CLM-000382,Invalid Claim,train
CLM-000690,Manual Review,train
CLM-000162,Manual Review,train
CLM-000184,Invalid Claim,train
CLM-000647,Invalid Claim,train
CLM-000813,Valid Claim,train
CLM-000946,Manual Review,train
CLM-000068,Valid Claim,train
CLM-000272,Valid Claim,train
CLM-000081,Invalid Claim,train
CLM-000888,Valid Claim,train
CLM-000045,Invalid Claim,train
CLM-000528,Valid Claim,train
CLM-000210,Valid Claim,train
CLM-000663,Valid Claim,train
CLM-000332,Invalid Claim,train
CLM-000295,Invalid Claim,train
CLM-000994,Valid Claim,train
CLM-000966,Valid Claim,train
CLM-000617,Manual Review,train
CLM-000611,Valid Claim,train
CLM-000423,Manual Review,train
CLM-000580,Invalid Claim,train
CLM-000744,Valid Claim,train
CLM-000894,Manual Review,train
CLM-000159,Valid Claim,train
CLM-000743,Invalid Claim,train
CLM-000160,Valid Claim,train
CLM-000197,Valid Claim,train
CLM-000362,Manual Review,train
CLM-000717,Manual Review,train
CLM-000410,Manual Review,train
CLM-001004,Invalid Claim,train
CLM-000496,Invalid Claim,train
CLM-000653,Manual Review,train
CLM-001036,Valid Claim,train
CLM-000089,Manual Review,train
CLM-000011,Manual Review,train
CLM-000873,Valid Claim,train
CLM-001077,Valid Claim,train
CLM-000050,Valid Claim,train
CLM-000101,Valid Claim,train
CLM-000477,Manual Review,train
CLM-000614,Manual Review,train
CLM-000552,Valid Claim,train
CLM-000226,Invalid Claim,train
CLM-000830,Manual Review,train
CLM-000629,Manual Review,train
CLM-000472,Valid Claim,train
CLM-000602,Valid Claim,train
CLM-000207,Invalid Claim,train
CLM-000659,Manual Review,train
CLM-000908,Invalid Claim,train
CLM-000092,Invalid Claim,train
CLM-000770,Invalid Claim,train
CLM-000660,Valid Claim,train
CLM-000300,Valid Claim,train
CLM-000880,Valid Claim,train
CLM-000620,Manual Review,train
CLM-001054,Valid Claim,train
CLM-000886,Manual Review,train
CLM-000200,Valid Claim,train
CLM-000240,Invalid Claim,train
CLM-000898,Valid Claim,train
CLM-000911,Valid Claim,train
CLM-000910,Invalid Claim,train
CLM-000856,Manual Review,train
CLM-000612,Manual Review,train
CLM-000855,Invalid Claim,train
CLM-000049,Invalid Claim,train
CLM-000249,Manual Review,train
CLM-000348,Valid Claim,train
CLM-000434,Invalid Claim,train
CLM-000695,Manual Review,train
CLM-000415,Valid Claim,train
CLM-000117,Invalid Claim,train
CLM-000846,Invalid Claim,train
CLM-001006,Invalid Claim,train
CLM-000523,Invalid Claim,train
CLM-000802,Manual Review,train
CLM-000010,Manual Review,train
CLM-001023,Invalid Claim,train
CLM-000535,Invalid Claim,train
CLM-000751,Manual Review,train
CLM-000749,Manual Review,train
CLM-000865,Manual Review,train
CLM-000245,Invalid Claim,train
CLM-000202,Valid Claim,train
CLM-000002,Invalid Claim,train
CLM-000072,Invalid Claim,train
CLM-000223,Invalid Claim,train
CLM-000974,Invalid Claim,train
CLM-001001,Valid Claim,train
CLM-000724,Manual Review,train
CLM-000140,Manual Review,train
CLM-000129,Invalid Claim,train
CLM-000714,Valid Claim,train
CLM-000621,Invalid Claim,train
CLM-000745,Manual Review,train
CLM-000220,Invalid Claim,train
CLM-000007,Invalid Claim,train
CLM-000163,Valid Claim,train
CLM-000144,Manual Review,train
CLM-000248,Manual Review,train
CLM-000836,Valid Claim,train
CLM-000293,Valid Claim,train
CLM-000689,Manual Review,train
CLM-000244,Manual Review,train
CLM-000547,Invalid Claim,train
CLM-000874,Invalid Claim,train
CLM-000847,Valid Claim,train
CLM-000918,Manual Review,train
CLM-000970,Manual Review,train
CLM-001035,Valid Claim,train
CLM-000233,Invalid Claim,train
CLM-000152,Manual Review,train
CLM-000906,Invalid Claim,train
CLM-000960,Valid Claim,train
CLM-000389,Invalid Claim,train
CLM-000565,Valid Claim,train
CLM-000397,Valid Claim,train
CLM-000897,Manual Review,train
CLM-000388,Manual Review,train
CLM-000474,Manual Review,train
CLM-000784,Manual Review,train
CLM-000571,Invalid Claim,train
CLM-000691,Manual Review,train
CLM-000458,Manual Review,train
CLM-000454,Valid Claim,train
CLM-000324,Invalid Claim,train
CLM-000683,Manual Review,train
CLM-000170,Invalid Claim,train
CLM-000540,Invalid Claim,train
CLM-000967,Manual Review,train
CLM-000030,Invalid Claim,train
CLM-000807,Valid Claim,train
CLM-000493,Valid Claim,train
CLM-000934,Valid Claim,train
CLM-000631,Invalid Claim,train
CLM-000969,Manual Review,train
CLM-000587,Invalid Claim,train
CLM-000997,Valid Claim,train
CLM-000076,Invalid Claim,train
CLM-000308,Manual Review,train
CLM-001015,Manual Review,train
CLM-000438,Invalid Claim,train
CLM-000958,Valid Claim,train
CLM-000084,Invalid Claim,train
CLM-000761,Manual Review,train
CLM-000372,Manual Review,train
CLM-000833,Valid Claim,train
CLM-000259,Valid Claim,train
CLM-000625,Valid Claim,train
CLM-000337,Invalid Claim,train
CLM-000940,Manual Review,train
CLM-000610,Valid Claim,train
CLM-000574,Manual Review,train
CLM-000843,Invalid Claim,train
CLM-000603,Invalid Claim,train
CLM-000577,Invalid Claim,train
CLM-000731,Manual Review,train
CLM-000948,Manual Review,train
CLM-000943,Valid Claim,train
CLM-000859,Manual Review,train
CLM-000799,Invalid Claim,train
CLM-000026,Manual Review,train
CLM-000139,Invalid Claim,train
CLM-000235,Valid Claim,train
CLM-000194,Valid Claim,train
CLM-000275,Valid Claim,train
CLM-000242,Valid Claim,train
CLM-000176,Valid Claim,train
CLM-000419,Manual Review,train
CLM-000669,Manual Review,train
CLM-000061,Valid Claim,train
CLM-000128,Manual Review,train
CLM-000212,Manual Review,train
CLM-000643,Invalid Claim,train
CLM-000407,Invalid Claim,train
CLM-000677,Valid Claim,train
CLM-000750,Invalid Claim,train
CLM-000645,Valid Claim,train
CLM-001049,Valid Claim,train
CLM-000976,Manual Review,train
CLM-000463,Manual Review,train
CLM-000881,Invalid Claim,train
CLM-000993,Invalid Claim,train
CLM-000440,Valid Claim,train
CLM-000346,Valid Claim,train
CLM-000269,Manual Review,train
CLM-000430,Valid Claim,train
CLM-000654,Invalid Claim,train
CLM-000766,Valid Claim,train
CLM-000073,Valid Claim,train
CLM-000094,Valid Claim,train
CLM-000715,Manual Review,train
CLM-000674,Manual Review,train
CLM-000757,Invalid Claim,train
CLM-000815,Valid Claim,train
CLM-000525,Valid Claim,train
CLM-000555,Valid Claim,train
CLM-000703,Valid Claim,train
CLM-000287,Valid Claim,train
CLM-000319,Invalid Claim,train
CLM-001075,Valid Claim,train
CLM-000755,Manual Review,train
CLM-000390,Manual Review,train
CLM-000357,Valid Claim,train
CLM-000594,Manual Review,train
CLM-000431,Manual Review,train
CLM-000774,Invalid Claim,train
CLM-000099,Invalid Claim,train
CLM-000478,Invalid Claim,train
CLM-000196,Invalid Claim,train
CLM-000507,Valid Claim,train
CLM-000605,Invalid Claim,train
CLM-000790,Valid Claim,train
CLM-000968,Valid Claim,train
CLM-000803,Valid Claim,train
CLM-000190,Manual Review,train
CLM-000963,Valid Claim,train
CLM-000195,Manual Review,train
CLM-000567,Invalid Claim,train
CLM-001018,Valid Claim,train
CLM-000022,Invalid Claim,train
CLM-000900,Invalid Claim,train
CLM-000122,Invalid Claim,train
CLM-000931,Valid Claim,train
CLM-000692,Valid Claim,train
CLM-000313,Valid Claim,train
CLM-000816,Invalid Claim,train
CLM-000599,Valid Claim,train
CLM-000260,Invalid Claim,train
CLM-000570,Invalid Claim,train
CLM-000867,Manual Review,train
CLM-000522,Valid Claim,train
CLM-000817,Valid Claim,train
CLM-000291,Manual Review,train
CLM-001002,Invalid Claim,train
CLM-000017,Valid Claim,train
CLM-000429,Invalid Claim,train
CLM-000457,Valid Claim,train
CLM-000756,Manual Review,train
CLM-000215,Valid Claim,train
CLM-000949,Manual Review,train
CLM-000515,Manual Review,train
CLM-000794,Manual Review,train
CLM-000444,Manual Review,train
CLM-000280,Manual Review,train
CLM-000341,Invalid Claim,train
CLM-000352,Valid Claim,train
CLM-000827,Manual Review,train
CLM-000228,Valid Claim,train
CLM-000839,Valid Claim,train
CLM-000985,Invalid Claim,train
CLM-001082,Valid Claim,train
CLM-001021,Manual Review,train
CLM-001009,Invalid Claim,train
CLM-001066,Valid Claim,train
CLM-000317,Manual Review,train
CLM-000913,Manual Review,train
CLM-000841,Manual Review,train
CLM-000590,Valid Claim,train
CLM-000490,Valid Claim,train
CLM-001012,Valid Claim,train
CLM-000071,Invalid Claim,train
CLM-000878,Valid Claim,train
CLM-000725,Valid Claim,train
CLM-000684,Manual Review,train
CLM-000301,Valid Claim,train
CLM-000592,Valid Claim,train
CLM-000021,Invalid Claim,train
CLM-000696,Valid Claim,train
CLM-000488,Manual Review,train
CLM-000917,Invalid Claim,train
CLM-000564,Invalid Claim,train
CLM-001003,Invalid Claim,train
CLM-000029,Manual Review,train
CLM-000206,Invalid Claim,train
CLM-000367,Valid Claim,train
CLM-000107,Invalid Claim,train
CLM-000414,Manual Review,train
CLM-000650,Manual Review,train
CLM-000511,Manual Review,train
CLM-000036,Manual Review,train
CLM-000866,Invalid Claim,train
CLM-000773,Manual Review,train
CLM-000514,Valid Claim,train
CLM-000263,Manual Review,train
CLM-000644,Valid Claim,train
CLM-000850,Manual Review,train
CLM-000027,Manual Review,train
CLM-000149,Invalid Claim,train
CLM-000086,Manual Review,train
CLM-000870,Invalid Claim,train
CLM-000191,Valid Claim,train
CLM-000403,Invalid Claim,train
CLM-000069,Valid Claim,train
CLM-000978,Valid Claim,train
CLM-000187,Manual Review,train
CLM-000360,Invalid Claim,train
CLM-000371,Manual Review,train
CLM-000889,Valid Claim,train
CLM-000066,Manual Review,train
CLM-000380,Manual Review,train
CLM-000989,Manual Review,train
CLM-000145,Manual Review,train
CLM-000904,Manual Review,train
CLM-000739,Invalid Claim,train
CLM-000283,Manual Review,train
CLM-000658,Invalid Claim,train
CLM-000899,Manual Review,train
CLM-000268,Valid Claim,train
CLM-000710,Invalid Claim,train
CLM-000138,Manual Review,train
CLM-000891,Invalid Claim,train
CLM-000947,Valid Claim,train
CLM-000753,Manual Review,train
CLM-000326,Manual Review,train
CLM-000406,Invalid Claim,train
CLM-000887,Manual Review,train
CLM-000657,Valid Claim,train
CLM-000627,Invalid Claim,train
CLM-000032,Invalid Claim,train
CLM-000983,Valid Claim,train
CLM-000441,Manual Review,train
CLM-000930,Invalid Claim,train
CLM-000461,Valid Claim,train
CLM-000077,Manual Review,train
CLM-000879,Invalid Claim,train
CLM-000087,Manual Review,train
CLM-000110,Manual Review,train
CLM-000182,Manual Review,train
CLM-001008,Valid Claim,train
CLM-000321,Invalid Claim,train
CLM-000877,Invalid Claim,train
CLM-000508,Valid Claim,train
CLM-000464,Valid Claim,train
CLM-000219,Invalid Claim,train
CLM-000598,Invalid Claim,train
CLM-000340,Valid Claim,train
CLM-000347,Invalid Claim,train
CLM-000549,Valid Claim,train
CLM-000481,Manual Review,train
CLM-000819,Valid Claim,train
CLM-000171,Manual Review,train
CLM-000558,Valid Claim,train
CLM-000738,Invalid Claim,train
CLM-000480,Valid Claim,train
CLM-000719,Manual Review,train
CLM-000037,Valid Claim,train
CLM-000812,Valid Claim,train
CLM-000543,Manual Review,train
CLM-000916,Manual Review,train
CLM-000383,Manual Review,train
CLM-000286,Valid Claim,train
CLM-000498,Valid Claim,train
CLM-000578,Valid Claim,train
CLM-001000,Valid Claim,train
CLM-000134,Manual Review,train
CLM-001007,Manual Review,train
CLM-000965,Valid Claim,train
CLM-000583,Manual Review,train
CLM-000366,Manual Review,train
CLM-000849,Invalid Claim,train
CLM-000001,Invalid Claim,train
CLM-000375,Invalid Claim,train
CLM-000506,Valid Claim,train
CLM-000192,Valid Claim,train
CLM-000113,Invalid Claim,train
CLM-000789,Manual Review,train
CLM-000896,Manual Review,train
CLM-000470,Invalid Claim,train
CLM-000780,Valid Claim,train
CLM-000307,Invalid Claim,train
CLM-000517,Invalid Claim,train
CLM-001010,Valid Claim,train
CLM-000154,Valid Claim,train
CLM-000401,Valid Claim,train
CLM-000265,Valid Claim,train
CLM-000709,Manual Review,train
CLM-000057,Manual Review,train
CLM-000796,Manual Review,train
CLM-000707,Valid Claim,train
CLM-000363,Invalid Claim,train
CLM-000437,Invalid Claim,train
CLM-000462,Valid Claim,train
CLM-000328,Valid Claim,train
CLM-000205,Valid Claim,train
CLM-000374,Invalid Claim,train
CLM-000132,Manual Review,train
CLM-000166,Invalid Claim,train
CLM-000482,Manual Review,train
CLM-000468,Manual Review,train
CLM-000595,Valid Claim,train
CLM-000513,Manual Review,train
CLM-000575,Valid Claim,train
CLM-000787,Valid Claim,train
CLM-000982,Invalid Claim,train
CLM-000018,Invalid Claim,train
CLM-000711,Invalid Claim,train
CLM-000546,Invalid Claim,train
CLM-000178,Valid Claim,train
CLM-000428,Invalid Claim,train
CLM-000179,Valid Claim,train
CLM-000058,Manual Review,train
CLM-000294,Valid Claim,train
CLM-000369,Manual Review,train
CLM-000720,Valid Claim,train
CLM-000591,Manual Review,train
CLM-000526,Invalid Claim,train
CLM-000384,Valid Claim,train
CLM-000285,Invalid Claim,train
CLM-001063,Valid Claim,train
CLM-000224,Invalid Claim,train
CLM-000622,Valid Claim,train
CLM-000781,Manual Review,train
CLM-000344,Valid Claim,train
CLM-000759,Valid Claim,train
CLM-000676,Invalid Claim,train
CLM-000492,Invalid Claim,train
CLM-000890,Valid Claim,train
CLM-000395,Manual Review,train
CLM-000914,Valid Claim,train
CLM-000851,Invalid Claim,train
CLM-000518,Invalid Claim,train
CLM-000742,Valid Claim,train
CLM-000938,Manual Review,train
CLM-000705,Manual Review,train
CLM-000148,Invalid Claim,train
CLM-000835,Manual Review,train
CLM-000302,Valid Claim,train
CLM-000630,Valid Claim,train
CLM-000198,Invalid Claim,train
CLM-000544,Manual Review,train
CLM-000487,Invalid Claim,train
CLM-000924,Invalid Claim,train
CLM-000173,Manual Review,train
CLM-000322,Valid Claim,train
CLM-000545,Invalid Claim,train
CLM-000832,Invalid Claim,train
CLM-000722,Valid Claim,train
CLM-000387,Invalid Claim,train
CLM-000864,Invalid Claim,train
CLM-000412,Invalid Claim,train
CLM-000442,Valid Claim,train
CLM-000393,Valid Claim,train
CLM-000561,Manual Review,train
CLM-000227,Invalid Claim,train
CLM-000735,Invalid Claim,train
CLM-000141,Invalid Claim,train
CLM-000795,Valid Claim,train
CLM-000070,Valid Claim,train
CLM-000536,Valid Claim,train
CLM-000253,Invalid Claim,train
CLM-000446,Invalid Claim,train
CLM-000108,Valid Claim,train
CLM-000250,Invalid Claim,train
CLM-000385,Valid Claim,train
CLM-000937,Valid Claim,train
CLM-000136,Invalid Claim,train
CLM-000053,Manual Review,train
CLM-000416,Valid Claim,train
CLM-000097,Invalid Claim,train
CLM-000568,Invalid Claim,train
CLM-000586,Manual Review,train
CLM-000775,Manual Review,train
CLM-000537,Manual Review,train
CLM-000453,Valid Claim,train
CLM-000737,Manual Review,train
CLM-000637,Invalid Claim,train
CLM-000505,Valid Claim,train
CLM-000439,Invalid Claim,train
CLM-000420,Manual Review,train
CLM-000763,Invalid Claim,train
CLM-000056,Manual Review,train
CLM-000797,Invalid Claim,train
CLM-000664,Invalid Claim,train
CLM-000015,Manual Review,train
CLM-000747,Invalid Claim,train
CLM-000563,Valid Claim,train
CLM-000247,Invalid Claim,train
CLM-000236,Manual Review,train
CLM-000634,Valid Claim,train
CLM-000167,Valid Claim,train
CLM-000277,Manual Review,train
CLM-000449,Manual Review,train
CLM-000052,Invalid Claim,train
CLM-000106,Manual Review,train
CLM-000044,Manual Review,train
CLM-000012,Manual Review,train
CLM-000704,Manual Review,train
CLM-000121,Manual Review,train
CLM-000060,Invalid Claim,train
CLM-000402,Valid Claim,train
CLM-000133,Valid Claim,train
CLM-000334,Manual Review,train
CLM-000193,Invalid Claim,train
CLM-000078,Valid Claim,train
CLM-000907,Manual Review,train
CLM-000706,Invalid Claim,train
CLM-000685,Manual Review,train
CLM-000024,Valid Claim,train
CLM-000065,Invalid Claim,train
CLM-000392,Manual Review,train
CLM-000646,Valid Claim,train
CLM-000098,Manual Review,train
CLM-000831,Valid Claim,train
CLM-000854,Invalid Claim,train
CLM-000142,Valid Claim,train
CLM-001038,Valid Claim,train
CLM-000808,Invalid Claim,train
CLM-000161,Manual Review,train
CLM-000031,Manual Review,train
CLM-000926,Invalid Claim,train
CLM-000635,Invalid Claim,train
CLM-000600,Invalid Claim,train
CLM-000156,Manual Review,train
CLM-000359,Valid Claim,train
CLM-000495,Invalid Claim,train
CLM-001017,Valid Claim,train
CLM-001046,Valid Claim,train
CLM-000079,Valid Claim,train
CLM-000509,Valid Claim,train
CLM-000778,Manual Review,train
CLM-000225,Invalid Claim,train
CLM-000095,Valid Claim,train
CLM-001043,Valid Claim,train
CLM-000067,Manual Review,train
CLM-000569,Valid Claim,train
CLM-000792,Manual Review,train
CLM-000297,Manual Review,train
CLM-000512,Valid Claim,train
CLM-000120,Manual Review,train
CLM-000824,Manual Review,train
CLM-000491,Manual Review,train
CLM-000465,Manual Review,train
CLM-000055,Invalid Claim,train
CLM-000957,Invalid Claim,train
CLM-000003,Manual Review,train
CLM-000560,Manual Review,train
CLM-000373,Valid Claim,train
CLM-000959,Valid Claim,train
CLM-001061,Valid Claim,train
CLM-000991,Manual Review,train
CLM-000597,Invalid Claim,train
CLM-000805,Invalid Claim,train
CLM-000289,Valid Claim,train
CLM-000767,Valid Claim,train
CLM-000895,Valid Claim,train
CLM-000104,Manual Review,train
CLM-000257,Valid Claim,train
CLM-000818,Manual Review,train
CLM-000550,Valid Claim,train
CLM-000114,Manual Review,train
CLM-000214,Valid Claim,train
CLM-000413,Invalid Claim,train
CLM-000299,Manual Review,train
CLM-000304,Manual Review,train
CLM-000131,Valid Claim,train
CLM-000172,Manual Review,train
CLM-000232,Invalid Claim,train
CLM-000929,Valid Claim,train
CLM-000284,Invalid Claim,train
CLM-000667,Invalid Claim,train
CLM-000618,Invalid Claim,train
CLM-000309,Manual Review,train
CLM-000116,Manual Review,train
CLM-000541,Valid Claim,train
CLM-000777,Manual Review,train
CLM-000576,Valid Claim,train
CLM-000727,Manual Review,train
CLM-000271,Manual Review,train
CLM-000912,Invalid Claim,train
CLM-000986,Manual Review,train
CLM-000687,Invalid Claim,train
CLM-000006,Invalid Claim,train
CLM-000303,Invalid Claim,train
CLM-000834,Invalid Claim,train
CLM-000788,Valid Claim,train
CLM-000504,Invalid Claim,train
CLM-000681,Valid Claim,train
CLM-000486,Invalid Claim,train
CLM-000800,Manual Review,train
CLM-000365,Manual Review,train
CLM-000699,Invalid Claim,train
CLM-000640,Invalid Claim,train
CLM-000169,Manual Review,train
CLM-000529,Valid Claim,train
CLM-000723,Invalid Claim,train
CLM-000270,Invalid Claim,train
CLM-000343,Invalid Claim,train
CLM-000436,Manual Review,train
CLM-000435,Valid Claim,train
CLM-000798,Invalid Claim,train
CLM-000814,Manual Review,train
CLM-000216,Valid Claim,train
CLM-000821,Valid Claim,train
CLM-000252,Invalid Claim,train
CLM-000467,Invalid Claim,train
CLM-000033,Invalid Claim,train
CLM-000825,Manual Review,train
CLM-001050,Valid Claim,train
CLM-000593,Invalid Claim,train
CLM-000112,Manual Review,train
CLM-000476,Valid Claim,train
CLM-000424,Valid Claim,train
CLM-000500,Invalid Claim,train
CLM-000828,Valid Claim,train
CLM-000276,Valid Claim,train
CLM-000944,Invalid Claim,train
CLM-000734,Manual Review,train
CLM-000652,Manual Review,train
CLM-000063,Invalid Claim,train
CLM-000425,Invalid Claim,train
CLM-000679,Invalid Claim,train
CLM-000520,Valid Claim,train
CLM-000034,Manual Review,train
CLM-000651,Manual Review,train
CLM-000809,Valid Claim,train
CLM-000782,Invalid Claim,train
CLM-000258,Valid Claim,train
CLM-000702,Manual Review,train
CLM-000783,Manual Review,train
CLM-000829,Manual Review,train
CLM-000639,Invalid Claim,train
CLM-000666,Invalid Claim,train
CLM-000697,Invalid Claim,train
CLM-000254,Manual Review,train
CLM-000845,Invalid Claim,train
CLM-000995,Valid Claim,train
CLM-000158,Valid Claim,train
CLM-000852,Manual Review,train
CLM-001019,Invalid Claim,train
CLM-000316,Invalid Claim,train
CLM-000020,Invalid Claim,train
CLM-000174,Invalid Claim,train
CLM-000693,Manual Review,train
CLM-000955,Manual Review,train
CLM-000678,Valid Claim,train
CLM-000105,Invalid Claim,train
CLM-000596,Invalid Claim,train
CLM-000221,Manual Review,train
CLM-000035,Valid Claim,train
CLM-000222,Valid Claim,train
CLM-000801,Valid Claim,train
CLM-000273,Invalid Claim,train
CLM-001060,Valid Claim,train
CLM-000350,Invalid Claim,train
CLM-000785,Invalid Claim,train
CLM-000604,Manual Review,train
CLM-000638,Manual Review,train
CLM-000962,Valid Claim,train
CLM-000826,Invalid Claim,train
CLM-000208,Invalid Claim,train
CLM-000531,Valid Claim,train
CLM-000111,Invalid Claim,train
CLM-000150,Invalid Claim,train
CLM-000404,Valid Claim,train
CLM-000274,Valid Claim,train
CLM-000047,Manual Review,train
CLM-000339,Invalid Claim,train
CLM-000533,Invalid Claim,train
CLM-000381,Invalid Claim,train
CLM-000330,Invalid Claim,train
CLM-000925,Invalid Claim,train
CLM-000118,Manual Review,train
CLM-000278,Manual Review,train
CLM-000411,Manual Review,train
CLM-000305,Invalid Claim,train
CLM-000760,Manual Review,train
CLM-000448,Manual Review,train
CLM-000971,Valid Claim,train
CLM-000861,Manual Review,train
CLM-000246,Manual Review,train
CLM-000964,Valid Claim,train
CLM-000143,Invalid Claim,train
CLM-000776,Invalid Claim,train
CLM-000572,Invalid Claim,train
CLM-000204,Manual Review,train
CLM-000694,Manual Review,train
CLM-000510,Manual Review,train
CLM-000820,Invalid Claim,train
CLM-000469,Valid Claim,train
CLM-000733,Manual Review,train
CLM-000648,Manual Review,train
CLM-000990,Valid Claim,train
CLM-000822,Valid Claim,train
CLM-000336,Manual Review,train
CLM-000988,Valid Claim,train
CLM-001044,Valid Claim,train
CLM-000093,Manual Review,train
CLM-000364,Invalid Claim,train
CLM-000009,Invalid Claim,train
CLM-000358,Valid Claim,train
CLM-000261,Valid Claim,train
CLM-000728,Invalid Claim,train
CLM-000483,Manual Review,train
CLM-000391,Invalid Claim,train
CLM-000497,Manual Review,train
CLM-000862,Invalid Claim,train
CLM-001025,Manual Review,train
CLM-000786,Valid Claim,train
CLM-000616,Manual Review,train
CLM-000933,Valid Claim,train
CLM-000353,Valid Claim,train
CLM-000450,Manual Review,train
CLM-000251,Valid Claim,train
CLM-000996,Valid Claim,train
CLM-000054,Manual Review,train
CLM-000992,Manual Review,train
CLM-000181,Manual Review,train
CLM-000452,Manual Review,train
CLM-000732,Manual Review,train
CLM-000673,Invalid Claim,train
CLM-000014,Manual Review,train
CLM-001172,Manual Review,val
CLM-001088,Valid Claim,val
CLM-001148,Invalid Claim,val
CLM-001175,Invalid Claim,val
CLM-001132,Invalid Claim,val
CLM-001201,Manual Review,val
CLM-001249,Valid Claim,val
CLM-001031,Invalid Claim,val
CLM-001192,Invalid Claim,val
CLM-001257,Manual Review,val
CLM-001174,Invalid Claim,val
CLM-001121,Manual Review,val
CLM-001266,Invalid Claim,val
CLM-001135,Invalid Claim,val
CLM-001265,Invalid Claim,val
CLM-001139,Manual Review,val
CLM-001213,Valid Claim,val
CLM-001167,Invalid Claim,val
CLM-001241,Invalid Claim,val
CLM-001217,Valid Claim,val
CLM-001126,Manual Review,val
CLM-001251,Valid Claim,val
CLM-001168,Manual Review,val
CLM-001055,Invalid Claim,val
CLM-001136,Invalid Claim,val
CLM-001048,Invalid Claim,val
CLM-001067,Manual Review,val
CLM-001183,Invalid Claim,val
CLM-001111,Valid Claim,val
CLM-001185,Valid Claim,val
CLM-001171,Invalid Claim,val
CLM-001073,Manual Review,val
CLM-001100,Valid Claim,val
CLM-001269,Valid Claim,val
CLM-001156,Invalid Claim,val
CLM-001096,Valid Claim,val
CLM-001231,Manual Review,val
CLM-001076,Invalid Claim,val
CLM-001252,Valid Claim,val
CLM-001144,Manual Review,val
CLM-001089,Manual Review,val
CLM-001243,Invalid Claim,val
CLM-001053,Invalid Claim,val
CLM-001120,Valid Claim,val
CLM-001137,Manual Review,val
CLM-001090,Valid Claim,val
CLM-001161,Invalid Claim,val
CLM-001215,Invalid Claim,val
CLM-001254,Valid Claim,val
CLM-001098,Valid Claim,val
CLM-001093,Manual Review,val
CLM-001051,Manual Review,val
CLM-001152,Valid Claim,val
CLM-001099,Manual Review,val
CLM-001233,Invalid Claim,val
CLM-001072,Manual Review,val
CLM-001197,Manual Review,val
CLM-001033,Invalid Claim,val
CLM-001091,Manual Review,val
CLM-001081,Manual Review,val
CLM-001116,Valid Claim,val
CLM-001238,Invalid Claim,val
CLM-001159,Manual Review,val
CLM-001097,Manual Review,val
CLM-001143,Manual Review,val
CLM-001194,Invalid Claim,val
CLM-001130,Valid Claim,val
CLM-001275,Valid Claim,val
CLM-001042,Manual Review,val
CLM-001200,Valid Claim,val
CLM-001220,Invalid Claim,val
CLM-001149,Valid Claim,val
CLM-001247,Invalid Claim,val
CLM-001245,Manual Review,val
CLM-001059,Manual Review,val
CLM-001182,Invalid Claim,val
CLM-001108,Valid Claim,val
CLM-001119,Manual Review,val
CLM-001190,Valid Claim,val
CLM-001128,Invalid Claim,val
CLM-001227,Invalid Claim,val
CLM-001086,Manual Review,val
CLM-001094,Valid Claim,val
CLM-001178,Valid Claim,val
CLM-001210,Invalid Claim,val
CLM-001165,Valid Claim,val
CLM-001123,Manual Review,val
CLM-001101,Valid Claim,val
CLM-001057,Manual Review,val
CLM-001223,Valid Claim,val
CLM-001129,Manual Review,val
CLM-001151,Manual Review,val
CLM-001229,Valid Claim,val
CLM-001124,Valid Claim,val
CLM-001173,Valid Claim,val
CLM-001208,Invalid Claim,val
CLM-001068,Manual Review,val
CLM-001058,Invalid Claim,val
CLM-001079,Manual Review,val
CLM-001256,Valid Claim,val
CLM-001142,Manual Review,val
CLM-001113,Manual Review,val
CLM-001289,Valid Claim,val
CLM-001039,Invalid Claim,val
CLM-001074,Manual Review,val
CLM-001131,Manual Review,val
CLM-001177,Manual Review,val
CLM-001110,Valid Claim,val
CLM-001224,Manual Review,val
CLM-001205,Manual Review,val
CLM-001169,Manual Review,val
CLM-001117,Valid Claim,val
CLM-001186,Valid Claim,val
CLM-001196,Manual Review,val
CLM-001125,Invalid Claim,val
CLM-001206,Manual Review,val
CLM-001107,Valid Claim,val
CLM-001085,Manual Review,val
CLM-001166,Valid Claim,val
CLM-001026,Manual Review,val
CLM-001209,Invalid Claim,val
CLM-001106,Invalid Claim,val
CLM-001029,Invalid Claim,val
CLM-001179,Manual Review,val
CLM-001041,Manual Review,val
CLM-001056,Manual Review,val
CLM-001095,Valid Claim,val
CLM-001189,Valid Claim,val
CLM-001272,Valid Claim,val
CLM-001112,Valid Claim,val
CLM-001181,Valid Claim,val
CLM-001267,Invalid Claim,val
CLM-001105,Manual Review,val
CLM-001133,Valid Claim,val
CLM-001162,Invalid Claim,val
CLM-001070,Manual Review,val
CLM-001274,Invalid Claim,val
CLM-001202,Manual Review,val
CLM-001204,Invalid Claim,val
CLM-001092,Manual Review,val
CLM-001263,Valid Claim,val
CLM-001122,Manual Review,val
CLM-001114,Invalid Claim,val
CLM-001236,Invalid Claim,val
CLM-001228,Valid Claim,val
CLM-001170,Manual Review,val
CLM-001203,Invalid Claim,val
CLM-001226,Valid Claim,val
CLM-001261,Invalid Claim,val
CLM-001198,Manual Review,val
CLM-001164,Valid Claim,val
CLM-001104,Manual Review,val
CLM-001237,Invalid Claim,val
CLM-001188,Manual Review,val
CLM-001109,Valid Claim,val
CLM-001160,Invalid Claim,val
CLM-001219,Invalid Claim,val
CLM-001150,Valid Claim,val
CLM-001037,Invalid Claim,val
CLM-001145,Invalid Claim,val
CLM-001239,Manual Review,val
CLM-001199,Invalid Claim,val
CLM-001187,Invalid Claim,val
CLM-001184,Valid Claim,val
CLM-001230,Valid Claim,val
CLM-001240,Invalid Claim,val
CLM-001225,Manual Review,val
CLM-001087,Valid Claim,val
CLM-001180,Invalid Claim,val
CLM-001281,Valid Claim,val
CLM-001158,Valid Claim,val
CLM-001232,Valid Claim,val
CLM-001193,Valid Claim,val
CLM-001290,Valid Claim,val
CLM-001146,Manual Review,val
CLM-001191,Valid Claim,val
CLM-001153,Manual Review,val
CLM-001147,Invalid Claim,val
CLM-001030,Invalid Claim,val
CLM-001084,Valid Claim,val
CLM-001285,Valid Claim,val
CLM-001127,Invalid Claim,val
CLM-001163,Invalid Claim,val
CLM-001102,Invalid Claim,val
CLM-001250,Invalid Claim,val
CLM-001278,Valid Claim,val
CLM-001244,Valid Claim,val
CLM-001138,Invalid Claim,val
CLM-001115,Manual Review,val
CLM-001246,Valid Claim,val
CLM-001069,Invalid Claim,val
CLM-001103,Manual Review,val
CLM-001141,Invalid Claim,val
CLM-001279,Valid Claim,val
CLM-001118,Valid Claim,val
CLM-001222,Manual Review,val
CLM-001034,Manual Review,val
CLM-001214,Manual Review,val
CLM-001155,Valid Claim,val
CLM-001268,Valid Claim,val
CLM-001242,Valid Claim,val
CLM-001176,Valid Claim,val
CLM-001253,Valid Claim,val
CLM-001211,Manual Review,val
CLM-001207,Valid Claim,val
CLM-001221,Manual Review,val
CLM-001212,Valid Claim,val
CLM-001047,Manual Review,val
CLM-001262,Invalid Claim,val
CLM-001083,Invalid Claim,val
CLM-001234,Invalid Claim,val
CLM-001134,Invalid Claim,val
CLM-001235,Valid Claim,val
CLM-001258,Manual Review,val
CLM-001218,Invalid Claim,val
CLM-001255,Manual Review,val
CLM-001195,Invalid Claim,val
CLM-001157,Invalid Claim,val
CLM-001052,Manual Review,val
CLM-001062,Manual Review,val
CLM-001216,Valid Claim,val
CLM-001248,Invalid Claim,val
CLM-001140,Invalid Claim,val
CLM-001154,Invalid Claim,val
CLM-001078,Manual Review,val
CLM-001363,Invalid Claim,test
CLM-001304,Manual Review,test
CLM-001404,Valid Claim,test
CLM-001492,Valid Claim,test
CLM-001341,Valid Claim,test
CLM-001284,Invalid Claim,test
CLM-001362,Valid Claim,test
CLM-001428,Manual Review,test
CLM-001368,Manual Review,test
CLM-001355,Invalid Claim,test
CLM-001380,Manual Review,test
CLM-001264,Manual Review,test
CLM-001371,Manual Review,test
CLM-001419,Valid Claim,test
CLM-001445,Manual Review,test
CLM-001359,Invalid Claim,test
CLM-001387,Valid Claim,test
CLM-001324,Invalid Claim,test
CLM-001474,Valid Claim,test
CLM-001423,Invalid Claim,test
CLM-001441,Valid Claim,test
CLM-001390,Valid Claim,test
CLM-001491,Manual Review,test
CLM-001384,Valid Claim,test
CLM-001407,Invalid Claim,test
CLM-001370,Invalid Claim,test
CLM-001360,Manual Review,test
CLM-001351,Invalid Claim,test
CLM-001462,Invalid Claim,test
CLM-001438,Valid Claim,test
CLM-001477,Manual Review,test
CLM-001301,Invalid Claim,test
CLM-001449,Invalid Claim,test
CLM-001421,Valid Claim,test
CLM-001295,Manual Review,test
CLM-001413,Valid Claim,test
CLM-001417,Valid Claim,test
CLM-001276,Manual Review,test
CLM-001478,Invalid Claim,test
CLM-001444,Valid Claim,test
CLM-001316,Invalid Claim,test
CLM-001300,Valid Claim,test
CLM-001437,Manual Review,test
CLM-001464,Valid Claim,test
CLM-001389,Manual Review,test
CLM-001399,Valid Claim,test
CLM-001367,Invalid Claim,test
CLM-001335,Invalid Claim,test
CLM-001319,Invalid Claim,test
CLM-001350,Valid Claim,test
CLM-001452,Valid Claim,test
CLM-001302,Invalid Claim,test
CLM-001467,Valid Claim,test
CLM-001333,Valid Claim,test
CLM-001366,Invalid Claim,test
CLM-001320,Invalid Claim,test
CLM-001344,Invalid Claim,test
CLM-001490,Valid Claim,test
CLM-001328,Valid Claim,test
CLM-001463,Invalid Claim,test
CLM-001476,Manual Review,test
CLM-001303,Invalid Claim,test
CLM-001346,Valid Claim,test
CLM-001458,Valid Claim,test
CLM-001339,Invalid Claim,test
CLM-001321,Manual Review,test
CLM-001468,Manual Review,test
CLM-001429,Valid Claim,test
CLM-001327,Invalid Claim,test
CLM-001332,Invalid Claim,test
CLM-001442,Manual Review,test
CLM-001408,Manual Review,test
CLM-001422,Manual Review,test
CLM-001311,Valid Claim,test
CLM-001293,Invalid Claim,test
CLM-001314,Manual Review,test
CLM-001480,Invalid Claim,test
CLM-001400,Manual Review,test
CLM-001392,Invalid Claim,test
CLM-001391,Invalid Claim,test
CLM-001450,Manual Review,test
CLM-001494,Valid Claim,test
CLM-001330,Manual Review,test
CLM-001485,Invalid Claim,test
CLM-001345,Invalid Claim,test
CLM-001487,Invalid Claim,test
CLM-001401,Valid Claim,test
CLM-001403,Manual Review,test
CLM-001318,Invalid Claim,test
CLM-001381,Invalid Claim,test
CLM-001310,Valid Claim,test
CLM-001411,Valid Claim,test
CLM-001349,Valid Claim,test
CLM-001420,Valid Claim,test
CLM-001306,Manual Review,test
CLM-001294,Manual Review,test
CLM-001309,Manual Review,test
CLM-001283,Manual Review,test
CLM-001329,Invalid Claim,test
CLM-001395,Valid Claim,test
CLM-001409,Manual Review,test
CLM-001292,Manual Review,test
CLM-001439,Invalid Claim,test
CLM-001436,Valid Claim,test
CLM-001383,Manual Review,test
CLM-001496,Valid Claim,test
CLM-001273,Manual Review,test
CLM-001308,Manual Review,test
CLM-001472,Invalid Claim,test
CLM-001260,Manual Review,test
CLM-001334,Manual Review,test
CLM-001353,Invalid Claim,test
CLM-001489,Valid Claim,test
CLM-001394,Manual Review,test
CLM-001315,Valid Claim,test
CLM-001405,Valid Claim,test
CLM-001348,Invalid Claim,test
CLM-001385,Invalid Claim,test
CLM-001498,Manual Review,test
CLM-001469,Manual Review,test
CLM-001377,Manual Review,test
CLM-001431,Invalid Claim,test
CLM-001375,Manual Review,test
CLM-001259,Manual Review,test
CLM-001277,Manual Review,test
CLM-001455,Valid Claim,test
CLM-001322,Invalid Claim,test
CLM-001354,Manual Review,test
CLM-001291,Invalid Claim,test
CLM-001457,Invalid Claim,test
CLM-001305,Invalid Claim,test
CLM-001376,Valid Claim,test
CLM-001307,Manual Review,test
CLM-001426,Invalid Claim,test
CLM-001425,Invalid Claim,test
CLM-001430,Invalid Claim,test
CLM-001356,Invalid Claim,test
CLM-001374,Manual Review,test
CLM-001499,Manual Review,test
CLM-001325,Invalid Claim,test
CLM-001497,Valid Claim,test
CLM-001424,Valid Claim,test
CLM-001396,Manual Review,test
CLM-001416,Invalid Claim,test
CLM-001343,Valid Claim,test
CLM-001357,Manual Review,test
CLM-001434,Invalid Claim,test
CLM-001358,Invalid Claim,test
CLM-001386,Valid Claim,test
CLM-001340,Invalid Claim,test
CLM-001326,Invalid Claim,test
CLM-001297,Invalid Claim,test
CLM-001483,Manual Review,test
CLM-001369,Manual Review,test
CLM-001433,Invalid Claim,test
CLM-001415,Manual Review,test
CLM-001286,Manual Review,test
CLM-001465,Manual Review,test
CLM-001470,Valid Claim,test
CLM-001372,Valid Claim,test
CLM-001378,Valid Claim,test
CLM-001287,Manual Review,test
CLM-001317,Invalid Claim,test
CLM-001435,Valid Claim,test
CLM-001461,Valid Claim,test
CLM-001412,Invalid Claim,test
CLM-001337,Valid Claim,test
CLM-001397,Manual Review,test
CLM-001312,Manual Review,test
CLM-001336,Invalid Claim,test
CLM-001296,Manual Review,test
CLM-001382,Valid Claim,test
CLM-001484,Manual Review,test
CLM-001313,Valid Claim,test
CLM-001459,Valid Claim,test
CLM-001347,Manual Review,test
CLM-001447,Valid Claim,test
CLM-001414,Invalid Claim,test
CLM-001298,Valid Claim,test
CLM-001500,Valid Claim,test
CLM-001393,Valid Claim,test
CLM-001466,Valid Claim,test
CLM-001365,Manual Review,test
CLM-001270,Manual Review,test
CLM-001471,Valid Claim,test
CLM-001402,Invalid Claim,test
CLM-001410,Invalid Claim,test
CLM-001406,Manual Review,test
CLM-001440,Valid Claim,test
CLM-001288,Manual Review,test
CLM-001473,Valid Claim,test
CLM-001361,Manual Review,test
CLM-001479,Manual Review,test
CLM-001388,Valid Claim,test
CLM-001282,Manual Review,test
CLM-001486,Valid Claim,test
CLM-001364,Invalid Claim,test
CLM-001280,Invalid Claim,test
CLM-001453,Valid Claim,test
CLM-001418,Manual Review,test
CLM-001338,Valid Claim,test
CLM-001398,Invalid Claim,test
CLM-001454,Manual Review,test
CLM-001495,Manual Review,test
CLM-001331,Valid Claim,test
CLM-001482,Manual Review,test
CLM-001379,Valid Claim,test
CLM-001432,Valid Claim,test
CLM-001448,Invalid Claim,test
CLM-001460,Valid Claim,test
CLM-001451,Invalid Claim,test
CLM-001481,Invalid Claim,test
CLM-001446,Invalid Claim,test
CLM-001342,Invalid Claim,test
CLM-001488,Manual Review,test
CLM-001323,Invalid Claim,test
CLM-001299,Invalid Claim,test
CLM-001352,Manual Review,test
CLM-001427,Valid Claim,test
CLM-001271,Manual Review,test
CLM-001456,Valid Claim,test
CLM-001443,Manual Review,test
CLM-001373,Valid Claim,test
CLM-001493,Valid Claim,test
CLM-001475,Invalid Claim,test
